,133.375,133.4375,133.5,133.5625,133.625,133.6875,133.75,133.8125,133.875,133.9375,134,134.0625,134.125,134.1875,134.25,134.3125,134.375,134.4375,134.5,134.5625,134.625,134.6875,134.75,134.8125,134.875,134.9375,135,135.0625,135.125,135.1875,135.25,135.3125,135.375,135.4375,135.5,135.5625,135.625,135.6875,135.75,135.8125,135.875,135.9375,136,136.0625,136.125,136.1875,136.25,136.3125,136.375,136.4375,136.5,136.5625,136.625,136.6875,136.75,136.8125,136.875,136.9375,137,137.0625,137.125,137.1875,137.25,137.3125,137.375
35.85,0.020699726,0.01668346,0.013550686,0.012006533,0.011950856,0.012991987,0.014561538,0.015904601,0.017196111,0.019202961,0.02248587,0.025296083,0.026169878,0.025684271,0.023443461,0.020167897,0.017561251,0.016066967,0.014921337,0.015118539,0.016832486,0.018676133,0.019933217,0.021705885,0.023483382,0.025249415,0.027360472,0.029397367,0.032094008,0.035051952,0.03751181,0.040526025,0.04099937,0.036681812,0.029085395,0.021356632,0.015933643,0.013291927,0.012532999,0.013440866,0.014155191,0.015150153,0.015542789,0.014224091,0.014058203,0.013535054,0.011621738,0.010153884,0.011043614,0.012020622,0.010295303,0.008947934,0.008920764,0.009869819,0.010978568,0.012458623,0.014239117,0.015517721,0.015247222,0.013855997,0.013356301,0.013885102,0.015243145,0.017371494,0.019144244
35.8,0.016492293,0.012469196,0.010707631,0.010623748,0.011411521,0.012816919,0.014250744,0.015462272,0.015982372,0.017618683,0.021086082,0.0238702,0.025101358,0.025072688,0.023038687,0.020076214,0.017581395,0.015711088,0.014522446,0.014985565,0.016375703,0.01769265,0.019138129,0.020655715,0.0223778,0.024893692,0.02746458,0.029784358,0.033131096,0.036351271,0.03836159,0.039740816,0.038201598,0.032600044,0.024691817,0.018146249,0.014015644,0.012233602,0.012702324,0.014955909,0.01659931,0.017656526,0.017384046,0.016221794,0.015500973,0.014042431,0.011836829,0.010947634,0.011159585,0.010290999,0.009163,0.008643524,0.009270005,0.010691906,0.012289961,0.013950823,0.015740526,0.016363814,0.015983914,0.015063788,0.014958228,0.015834227,0.017487801,0.019036111,0.019933423
35.75,0.011659388,0.009104388,0.008667514,0.00944117,0.010602436,0.012098888,0.013298846,0.013922985,0.014182445,0.015854035,0.018820842,0.021396288,0.0230083,0.023445636,0.022069686,0.020312653,0.018182426,0.015954384,0.014588584,0.01480793,0.015914718,0.017305458,0.018444519,0.018763719,0.019581857,0.022504353,0.026248575,0.029617077,0.033380548,0.036849347,0.038772205,0.038524835,0.03457215,0.027713896,0.020874715,0.015960334,0.012839617,0.012007524,0.013908654,0.017324012,0.018657229,0.018128863,0.01737004,0.017436349,0.016617748,0.01469154,0.012729585,0.011553016,0.010067052,0.009154739,0.009005573,0.009697216,0.011205725,0.012887577,0.014589887,0.01559218,0.016038458,0.016006797,0.016158883,0.016593909,0.017203203,0.01762159,0.018537202,0.019994632,0.020803017
35.7,0.008360682,0.007122197,0.007302145,0.00851851,0.010051428,0.011224844,0.012016914,0.012118385,0.012280482,0.013879474,0.016311739,0.018541452,0.020342989,0.020173276,0.019554505,0.01909939,0.017794655,0.015953354,0.014724111,0.014786985,0.015917888,0.017003332,0.017310909,0.016476643,0.016511991,0.019584411,0.024669917,0.029525422,0.033638372,0.036316685,0.037855876,0.036328847,0.030899397,0.024216603,0.018856886,0.015232973,0.013340266,0.013984375,0.01713016,0.020916143,0.020973262,0.018986369,0.01839904,0.019338745,0.018552075,0.016840287,0.01443437,0.011581623,0.01004935,0.009489139,0.010032668,0.011451004,0.013432491,0.014990531,0.015673775,0.015522869,0.015339552,0.015390483,0.016284475,0.017231665,0.017594252,0.017552366,0.018016473,0.019850947,0.022338922
35.65,0.006531951,0.00606234,0.006319213,0.007925925,0.009536761,0.010462457,0.010854737,0.01066116,0.010647182,0.011700534,0.013331868,0.014995368,0.016624398,0.016150113,0.015905606,0.01642637,0.016088081,0.014616783,0.013567832,0.013924702,0.015129483,0.015115997,0.013764505,0.012560753,0.013305673,0.016877701,0.022310289,0.027346532,0.030600613,0.032917126,0.034466256,0.033632689,0.028779927,0.023004536,0.018799199,0.016369944,0.016066954,0.017865334,0.021167688,0.023728817,0.024238687,0.023036806,0.022568211,0.022144043,0.019580177,0.016650082,0.013673545,0.011290427,0.010647951,0.011113588,0.011738766,0.012891292,0.01448101,0.015319606,0.015114954,0.014669923,0.014641051,0.014898276,0.015524139,0.015854883,0.015793827,0.016032833,0.016814471,0.018896521,0.021732926
35.6,0.005983263,0.005860069,0.006553134,0.008046776,0.009264019,0.009896467,0.009871658,0.009351889,0.008999513,0.009364258,0.010409528,0.011716336,0.013123358,0.01333568,0.013501534,0.014105888,0.013793125,0.012501895,0.012306976,0.013112596,0.013665586,0.012797671,0.010749284,0.009834058,0.011668511,0.015189057,0.01943717,0.023778161,0.026816826,0.029692353,0.031194143,0.030674312,0.026509612,0.021678216,0.018812001,0.018319416,0.019581719,0.021652276,0.023691179,0.025414891,0.027016484,0.027163537,0.025608439,0.023574232,0.01947748,0.015210324,0.012511403,0.011755633,0.01194907,0.012683736,0.013438819,0.014162808,0.014793739,0.014994346,0.014617794,0.014426414,0.014760256,0.014751061,0.014448004,0.013986998,0.01391273,0.013801991,0.014564756,0.016454708,0.019876211
35.55,0.006128373,0.006539462,0.007424215,0.008320658,0.009004211,0.009023233,0.00875459,0.008247005,0.007737218,0.007841177,0.008634122,0.009721284,0.010820842,0.011621866,0.012196439,0.012295331,0.011726461,0.010790879,0.011167086,0.011871975,0.01181686,0.011107495,0.009909066,0.009642872,0.011938245,0.015590203,0.018811165,0.021868862,0.024739234,0.027222002,0.028191746,0.026647937,0.022781673,0.019947107,0.018391418,0.01954746,0.021275183,0.022408088,0.024000744,0.025798118,0.026857915,0.026646899,0.024860292,0.02175217,0.017334705,0.014109246,0.012655586,0.01287121,0.013381024,0.014077227,0.014636831,0.014968969,0.014793507,0.014676596,0.014556985,0.014576759,0.015107358,0.014696629,0.013811705,0.0132616,0.012630788,0.012132084,0.012621856,0.014151389,0.016639954
35.5,0.00627061,0.00686073,0.007510611,0.007868222,0.00797652,0.007743288,0.007545439,0.007410958,0.007203493,0.007326804,0.007942531,0.008669784,0.00951466,0.010424738,0.010925196,0.010586315,0.009846129,0.009521507,0.010211849,0.010812069,0.010842795,0.010213856,0.009643568,0.010115027,0.012248006,0.015952447,0.019210268,0.021735227,0.024321375,0.026259708,0.026034304,0.022952644,0.019464943,0.018063606,0.017551921,0.018698817,0.019971119,0.021077224,0.023099451,0.025168181,0.024991819,0.02406026,0.020961859,0.017297412,0.014462923,0.013043736,0.012730708,0.013391433,0.013788608,0.014475373,0.01524517,0.015134616,0.014855675,0.014909125,0.015004943,0.014932515,0.014880419,0.014060688,0.013128555,0.012488804,0.011882763,0.011349811,0.011894411,0.013541437,0.015079502
35.45,0.005938069,0.006413715,0.006598927,0.006624302,0.006644282,0.006565303,0.006474764,0.006693517,0.006843587,0.006842504,0.006926786,0.007234022,0.007785597,0.008731831,0.009345787,0.009173332,0.008742938,0.009138438,0.009652578,0.009936725,0.01026957,0.010148168,0.010121555,0.010639022,0.012229965,0.015170678,0.018282512,0.020739236,0.022761933,0.023993875,0.02314843,0.020646352,0.018234601,0.017021786,0.016790551,0.017472659,0.018611669,0.020026358,0.021607253,0.022456193,0.020786321,0.018720222,0.016572866,0.014635983,0.013492882,0.012762596,0.012799152,0.013241811,0.013487332,0.013984456,0.01482389,0.014791236,0.014021588,0.013836808,0.013799209,0.013849383,0.013353315,0.012456788,0.012149544,0.01189686,0.011777425,0.011843311,0.01276134,0.014353981,0.015303167
35.4,0.005421201,0.005665645,0.005636937,0.005578693,0.005422415,0.005542035,0.005851067,0.006182554,0.006285579,0.005918682,0.005628698,0.00571117,0.006375549,0.007645694,0.008529848,0.008677288,0.008635963,0.008817703,0.009364245,0.009766268,0.010284939,0.010991837,0.011525877,0.011700655,0.012556061,0.014443026,0.016480876,0.018260331,0.019582303,0.020618186,0.020532816,0.019387593,0.017606579,0.015925332,0.01545436,0.016193609,0.017560314,0.018429629,0.018184609,0.016966495,0.01569216,0.014839852,0.014136982,0.013801584,0.013462072,0.013169726,0.013006651,0.012699202,0.01267241,0.012923188,0.013125822,0.013839064,0.014106924,0.013513961,0.013128233,0.012813628,0.0119811,0.011334054,0.011256811,0.011306347,0.011546149,0.011898954,0.013036697,0.014620827,0.015220281
35.35,0.005166323,0.005211389,0.005105675,0.005231547,0.005126396,0.005166372,0.005655802,0.005828879,0.005763746,0.005350626,0.005188402,0.005188196,0.005968239,0.007740786,0.009016016,0.009732121,0.009686261,0.009182109,0.009257325,0.00972363,0.010934646,0.012586185,0.013056411,0.012807132,0.012833629,0.013964348,0.015097532,0.016141011,0.017510065,0.018940013,0.019516567,0.018900768,0.017046709,0.015292682,0.014528291,0.014711768,0.015234208,0.014958084,0.013738769,0.012232821,0.012179065,0.012820672,0.013259428,0.01374282,0.014096155,0.013838503,0.012932673,0.012280355,0.011959875,0.011859962,0.012145018,0.013137163,0.014155846,0.014408295,0.013752653,0.012813972,0.012049301,0.011628457,0.011367641,0.01131427,0.011412613,0.011696038,0.012714406,0.014037439,0.014337045
35.3,0.005091475,0.005088772,0.005080403,0.005312308,0.00530609,0.005214568,0.005487605,0.005532595,0.005308903,0.004888833,0.004985574,0.005580846,0.006852574,0.008505817,0.009701332,0.010865646,0.01133222,0.010408674,0.009330163,0.009487486,0.011159524,0.013106371,0.013500698,0.01311591,0.012960343,0.01372643,0.01452392,0.015540193,0.016768348,0.017933864,0.018707666,0.01837708,0.016585994,0.014852101,0.014209084,0.013709078,0.012840897,0.012232269,0.011236508,0.010413292,0.011051267,0.012241531,0.013140258,0.01458098,0.015379433,0.014574982,0.013082537,0.012342489,0.012294566,0.012511322,0.013181358,0.013808919,0.014705895,0.015218901,0.014427654,0.013342103,0.012879594,0.012657951,0.012307391,0.011787155,0.011318003,0.011223841,0.012199258,0.013074208,0.013493257
35.25,0.005106105,0.005235935,0.005370488,0.005527084,0.005513901,0.005446062,0.005410826,0.005056727,0.004728356,0.00453776,0.004963346,0.006150845,0.007823161,0.009296991,0.010081048,0.01068915,0.010981211,0.009943291,0.008633462,0.009356832,0.011276552,0.012931986,0.013359011,0.013225525,0.013700214,0.014575712,0.015417224,0.016414924,0.017292876,0.017843414,0.018008838,0.017651681,0.016131314,0.014471668,0.013979947,0.01315802,0.012654494,0.012052067,0.011217264,0.010890412,0.011660912,0.012406827,0.013138868,0.014923163,0.015785317,0.015113468,0.0136652,0.013244294,0.013441938,0.013782809,0.014406071,0.014436295,0.014944292,0.015690361,0.015665921,0.014946922,0.014311336,0.01375788,0.013151576,0.012185121,0.011135777,0.010714534,0.011497023,0.012124293,0.013058162
35.2,0.005119863,0.005277755,0.005336356,0.005500601,0.005564031,0.005513708,0.005298321,0.004937121,0.00443106,0.004339861,0.004733822,0.006084111,0.007915911,0.009777603,0.010373296,0.010021364,0.009114193,0.008173734,0.008178419,0.009861202,0.01183756,0.013056097,0.013416683,0.013540181,0.014896126,0.016037487,0.01672466,0.017402085,0.018263216,0.018686645,0.017947148,0.016988501,0.015409175,0.013874592,0.013259157,0.013319381,0.013741675,0.012742544,0.012061248,0.011684168,0.011975262,0.011972102,0.012298058,0.013172967,0.013743629,0.013900913,0.013828394,0.014234917,0.014239604,0.014093724,0.014038806,0.014142479,0.014865353,0.016740088,0.017734006,0.016934567,0.015439732,0.014256884,0.013298866,0.012153498,0.011056442,0.010619411,0.010939308,0.011432298,0.012816663
35.15,0.004810739,0.004849178,0.005155217,0.005524623,0.005466194,0.005201778,0.005018277,0.004785536,0.004538228,0.004628558,0.004881066,0.006183696,0.008123649,0.010179894,0.010453953,0.009351498,0.007906002,0.007803678,0.008727083,0.010949163,0.012333163,0.012890049,0.012836879,0.013918227,0.015849137,0.017589564,0.018241844,0.018428419,0.018803742,0.018843895,0.017690887,0.0160693,0.014405677,0.013260671,0.012897212,0.013058045,0.012748801,0.011797964,0.011553531,0.011311344,0.011230747,0.010994353,0.010966579,0.011172016,0.011645359,0.012448833,0.013406714,0.014420922,0.014466039,0.014263128,0.013288741,0.013649969,0.015186501,0.017802738,0.01897524,0.017273037,0.015184781,0.014066947,0.013323308,0.01232217,0.011365994,0.010998292,0.010990109,0.011397402,0.013118707
35.1,0.004437297,0.004422588,0.005089404,0.005566579,0.005426853,0.005216814,0.005016301,0.004769795,0.004728552,0.00484572,0.005131729,0.006296315,0.007972786,0.009391472,0.009341305,0.008732966,0.00848907,0.009009727,0.010459197,0.012519537,0.013102971,0.012425577,0.011595884,0.01334352,0.016088603,0.018494736,0.019629333,0.01943562,0.01872232,0.017574092,0.016200971,0.014362033,0.012836255,0.011938102,0.011822804,0.011521791,0.010882077,0.010486174,0.010491496,0.010498444,0.01064597,0.010350647,0.009873319,0.009731107,0.010366912,0.011720352,0.012884873,0.013673076,0.014222636,0.013707998,0.01327612,0.01389265,0.015755933,0.017930156,0.018419421,0.016016083,0.014347405,0.014133085,0.014115184,0.013377679,0.012423579,0.012089047,0.012011898,0.012518872,0.013937142
35.05,0.004277714,0.004616197,0.005262817,0.005510129,0.005246802,0.00510139,0.004998682,0.004864864,0.004836077,0.004987398,0.005231098,0.006137613,0.007386058,0.00826037,0.008871789,0.009640429,0.010166021,0.010961907,0.012327041,0.013442584,0.014004389,0.012266852,0.011815279,0.013520889,0.015732029,0.017456006,0.018902145,0.019374236,0.018055665,0.01596743,0.014299352,0.012637176,0.011324745,0.010665674,0.01037573,0.010245625,0.010075204,0.010324185,0.010333188,0.010575661,0.010544096,0.010055413,0.00942782,0.009450668,0.010446327,0.011792291,0.01247625,0.012489378,0.013554811,0.013405169,0.013388881,0.014502872,0.016018522,0.017483632,0.017291902,0.015303241,0.014487938,0.015056764,0.015691406,0.015191164,0.014565795,0.014116371,0.01393764,0.014162048,0.014158662
35,0.004370091,0.004821504,0.00537061,0.005304378,0.005015674,0.004954883,0.005030375,0.005120841,0.005144893,0.005400121,0.005826422,0.006558464,0.007375522,0.008177186,0.009052798,0.010226875,0.011689848,0.012780439,0.013143318,0.013236485,0.013274198,0.012572209,0.012872757,0.013967462,0.014821642,0.015703849,0.016977521,0.017740682,0.016519512,0.014393112,0.013003977,0.011548046,0.010610066,0.010126593,0.009715551,0.009944495,0.01047463,0.011177864,0.011039604,0.011079209,0.010642382,0.010271007,0.009999167,0.009950861,0.010450555,0.01123244,0.011462196,0.011577013,0.012763922,0.013585908,0.014459327,0.015536941,0.016252477,0.017002187,0.016678616,0.015529189,0.015430922,0.016633834,0.017428143,0.017229195,0.017028942,0.016975029,0.016543789,0.015400449,0.015243618
34.95,0.004769154,0.005353061,0.005550276,0.005233509,0.004978178,0.004990475,0.005208977,0.00542264,0.005522474,0.005985069,0.006822505,0.007582523,0.008273179,0.008976957,0.009697527,0.010761818,0.012227822,0.012837609,0.012399078,0.011858823,0.012030395,0.012531814,0.013028782,0.01374017,0.013528115,0.01361199,0.01448425,0.014720173,0.013547822,0.012228997,0.011409345,0.010164353,0.009197716,0.008960567,0.008987529,0.009768888,0.010969731,0.01188215,0.011691459,0.011150881,0.01105012,0.010579479,0.009054627,0.00846632,0.009031999,0.009787279,0.010298187,0.011339119,0.013096034,0.01480198,0.016148489,0.01653492,0.016552077,0.016754149,0.016494549,0.015743619,0.016121408,0.017697781,0.018542925,0.018720902,0.018772687,0.018577955,0.017843663,0.017340945,0.018249119
34.9,0.005212035,0.005686914,0.005758243,0.005381681,0.005209083,0.005145769,0.005204213,0.005302533,0.005509858,0.00630067,0.007593672,0.008506008,0.00897478,0.009565701,0.010098579,0.010903824,0.01178433,0.011734872,0.010892147,0.010408267,0.011061053,0.012168699,0.012668276,0.012902636,0.012789763,0.012913796,0.012901365,0.012190566,0.010965245,0.010194246,0.009915925,0.008468865,0.007312496,0.007267024,0.008127651,0.009726775,0.01070282,0.010916174,0.011146378,0.01094954,0.010221156,0.009517911,0.008062653,0.007183218,0.007703268,0.008855804,0.010110457,0.011816398,0.013940401,0.015902857,0.017039489,0.01718733,0.017002149,0.016784865,0.016339291,0.015628956,0.016135692,0.017773948,0.018794182,0.019049717,0.019055603,0.019137935,0.019739683,0.020862902,0.023133604
34.85,0.00577604,0.006015488,0.005865834,0.00551527,0.005305373,0.005042257,0.004828949,0.004982222,0.005486167,0.006548497,0.007638521,0.008267095,0.008539963,0.009091142,0.009825551,0.010485526,0.010886965,0.010503386,0.009555755,0.009337803,0.010064337,0.011183536,0.011927383,0.012397647,0.013412159,0.014034633,0.013168171,0.01131169,0.009690082,0.009235091,0.008765723,0.007304332,0.00646074,0.006571819,0.007323049,0.008550083,0.009115092,0.00946671,0.010200809,0.010233263,0.009527897,0.008784067,0.00729099,0.006831589,0.008069233,0.00977194,0.011502499,0.013298916,0.015300956,0.017077699,0.017998679,0.01812668,0.018013092,0.017784975,0.016928288,0.015979617,0.015983485,0.017157874,0.01848888,0.019506182,0.020130998,0.02108337,0.022922772,0.026088434,0.030867715
34.8,0.006394777,0.006167483,0.005643712,0.005202938,0.004982048,0.004736891,0.004565165,0.00493646,0.005869972,0.006776303,0.007222968,0.007242659,0.007342401,0.007933044,0.008839855,0.009623482,0.010128052,0.00992709,0.009279168,0.009200315,0.009653128,0.010548342,0.011620132,0.012776045,0.014916048,0.015682586,0.013713731,0.011170119,0.009643471,0.009229252,0.007999848,0.006724867,0.006478663,0.006528317,0.006725019,0.007327059,0.008198074,0.008586548,0.009158328,0.009467103,0.009010788,0.008529756,0.008096208,0.009029162,0.010952216,0.012710144,0.01439935,0.015447965,0.016896149,0.01821382,0.019351807,0.019804658,0.020415457,0.020255392,0.01865672,0.017134774,0.000469475,0.016601366,0.017740689,0.020334846,0.022337751,0.023605138,0.025835779,0.030176975,0.036999528
34.75,0.006693996,0.006005662,0.005160442,0.004575434,0.004430668,0.004560115,0.004866864,0.005707592,0.006708061,0.007091058,0.006962566,0.006580563,0.00659178,0.007079783,0.007969917,0.008903524,0.009703385,0.010213629,0.010394095,0.010136678,0.010134638,0.010825175,0.012013788,0.013428982,0.015405744,0.015573518,0.013477588,0.011551225,0.010405826,0.00970243,0.008165275,0.007144525,0.007030023,0.006866247,0.007014737,0.008154056,0.008980711,0.008839595,0.008677692,0.008923604,0.008986944,0.009463911,0.010920527,0.013160361,0.014844501,0.01585888,0.01697454,0.017404854,0.017749129,0.019011989,0.020486594,0.021971774,0.023592349,0.023608544,0.000626832,0.000486044,0.000451246,0.015802181,0.01652305,0.020286967,0.024438054,0.026558917,0.029154314,0.033368268,0.039550405
34.7,0.006425751,0.005972367,0.004952693,0.004269928,0.004353908,0.005025624,0.005993409,0.006972115,0.007493117,0.007467514,0.006972023,0.006421881,0.006263246,0.006544019,0.007376598,0.008509192,0.009620706,0.01057635,0.010956468,0.010457317,0.010282893,0.011289026,0.013029108,0.014147293,0.015019446,0.014523061,0.013329303,0.012481985,0.011358869,0.009853437,0.00864163,0.008034155,0.007898549,0.007687385,0.007981128,0.008544633,0.008575018,0.008411004,0.008896717,0.010082986,0.010973807,0.012252406,0.014082481,0.015333956,0.015976823,0.016450209,0.01752113,0.017956165,0.018610127,0.019975955,0.021525808,0.023825855,0.026173497,0.000843632,0.000694622,0.000572628,0.000514851,0.015568985,0.016305767,0.020106008,0.025175384,0.029171081,0.033475087,0.038371011,0.043482524
34.65,0.006317933,0.006220023,0.0050988,0.004528671,0.004982726,0.006101202,0.007191288,0.007755017,0.00774253,0.007461542,0.006715853,0.006070386,0.005790664,0.005981928,0.006744792,0.008171877,0.009409579,0.010221939,0.010868092,0.010871679,0.011063354,0.012155249,0.014081666,0.015762945,0.016135778,0.014653334,0.013482768,0.013352517,0.012325251,0.010988317,0.00993976,0.009040382,0.008498704,0.00828195,0.008523038,0.008557111,0.008038586,0.008396858,0.010171089,0.012772378,0.014375485,0.015162761,0.015260175,0.014502277,0.014341518,0.015214142,0.016534773,0.017532625,0.01858893,0.019672365,0.021632442,0.000794924,0.000825033,0.000842204,0.000776954,0.00066522,0.018070441,0.016836241,0.01794203,0.021357439,0.025782153,0.031269933,0.03785133,0.044628277,0.05025746
34.6,0.006523709,0.006591181,0.005785244,0.005585857,0.006201386,0.007091959,0.007542673,0.007457432,0.007259763,0.007181123,0.006212552,0.005554963,0.005403416,0.005723992,0.0065229,0.007676992,0.008216333,0.009178814,0.01077869,0.011960889,0.012168773,0.012727327,0.014583667,0.016516242,0.01660839,0.014627159,0.01271635,0.012911982,0.013062458,0.012701575,0.011652631,0.010308369,0.009424058,0.008777322,0.008580965,0.008663929,0.009223648,0.01041362,0.01243945,0.014497554,0.015418395,0.014888591,0.013788367,0.012513214,0.012348912,0.013251713,0.014664351,0.015813115,0.016925334,0.018159392,0.020514915,0.000661269,0.00071733,0.000773161,0.022737385,0.020086572,0.018279428,0.018291247,0.020193489,0.023648926,0.028230548,0.034569104,0.042255781,0.050614141,0.057386148
34.55,0.006529363,0.006721911,0.006460326,0.006708169,0.007396944,0.007714703,0.007486877,0.007377419,0.007462091,0.007186304,0.005956107,0.005303233,0.005415489,0.005892052,0.006693362,0.007326739,0.006892013,0.007394643,0.009620031,0.011491459,0.011847282,0.012393292,0.01404837,0.015610435,0.015351104,0.01342506,0.012552902,0.012004348,0.011409333,0.011679794,0.011809308,0.010838917,0.009697803,0.009132445,0.008706916,0.009320982,0.011048756,0.012712055,0.01401465,0.014300792,0.013847988,0.012969537,0.011707206,0.010769006,0.010702564,0.011439933,0.012430285,0.013538905,0.014645802,0.015957776,0.019031593,0.000628868,0.000650992,0.000697017,0.021677565,0.020130391,0.019407433,0.019976358,0.022412456,0.026963393,0.032242051,0.038511381,0.045989238,0.054233879,0.060202701
34.5,0.00628978,0.006276988,0.006324706,0.007083981,0.008171284,0.00846865,0.007928307,0.007822094,0.008011571,0.00736704,0.005835283,0.005381857,0.005839205,0.006468564,0.007064767,0.007434719,0.006866181,0.006770979,0.007816664,0.009519372,0.011011968,0.012209067,0.013438617,0.014143166,0.013371618,0.012171886,0.012819551,0.011536022,0.009834456,0.009509727,0.009411504,0.009233904,0.008942146,0.009197188,0.009532249,0.010885076,0.012742502,0.014331561,0.014653117,0.013821756,0.012296111,0.000289432,0.000235393,0.00025298,0.000254481,0.010646428,0.011000821,0.011697004,0.01293246,0.01521656,0.018715482,0.000676322,0.000689829,0.000690094,0.000684286,0.021646531,0.021618879,0.022787856,0.025931261,0.031088017,0.036344442,0.041549921,0.047258791,0.054224387,0.059531053
34.45,0.006538489,0.005851829,0.005898066,0.006889309,0.008296584,0.008398964,0.007667935,0.007752383,0.008377042,0.00768281,0.0060235,0.005717735,0.00644057,0.007461416,0.008092201,0.008547374,0.008055841,0.007040036,0.006686827,0.007994965,0.010473492,0.012118245,0.012727946,0.012184208,0.010877216,0.009983674,0.011022085,0.010868356,0.008502707,0.007504171,0.00713166,0.00728873,0.008191783,0.010012447,0.011888613,0.013762898,0.015489362,0.01612925,0.014872929,0.012930399,0.010998541,0.00025247,0.000251239,0.010658901,0.010694923,0.010737215,0.010863927,0.011504936,0.013254947,0.015992868,0.019144086,0.00069452,0.000693781,0.00066548,0.000653979,0.000668486,0.000667123,0.000746323,0.001044392,0.035425458,0.040256723,0.044314534,0.048738003,0.054522764,0.058981406
34.4,0.007174813,0.006042036,0.006097594,0.007007227,0.007836503,0.007486323,0.006782809,0.007209366,0.008334326,0.008113907,0.006581085,0.006104775,0.007204685,0.00818048,0.009122564,0.009710922,0.009529224,0.008013441,0.00694967,0.007882261,0.009707386,0.010691055,0.010545515,0.009119887,0.007806363,0.007621719,0.009127718,0.010585973,0.009376186,0.007678125,0.006815834,0.00708631,0.009032264,0.012702793,0.015990494,0.017325295,0.016719142,0.014720476,0.014231541,0.012490179,0.010986648,0.01100987,0.011700682,0.011070028,0.010922325,0.011404531,0.01204332,0.012928943,0.014394104,0.01640944,0.018773143,0.00060469,0.000636811,0.000648451,0.000640425,0.000632575,0.00067475,0.000873423,0.001298169,0.039993327,0.044717258,0.048890225,0.052773303,0.002861355,0.002949192
34.35,0.007829625,0.00709,0.007170985,0.007358972,0.007088396,0.00653059,0.005942426,0.00665312,0.008010373,0.008310451,0.007222321,0.006545697,0.007374973,0.008654562,0.009524662,0.010923054,0.012067713,0.010616704,0.009008159,0.0088128,0.0086389,0.008278004,0.00769485,0.006834743,0.006378428,0.006679201,0.008019218,0.009407116,0.008978467,0.007930315,0.007419153,0.008139887,0.010620694,0.015386163,0.019722166,0.019779974,0.015522094,0.013528177,0.014216247,0.012831554,0.011127902,0.01078228,0.010846915,0.010199459,0.010558579,0.012217612,0.013396916,0.014284395,0.015265064,0.016501332,0.000487704,0.00053711,0.000606803,0.000637145,0.00061943,0.000613707,0.000692881,0.000909373,0.001142851,0.001313041,0.001518598,0.001851257,0.002163356,0.002313489,0.002364388
34.3,0.008370509,0.008374938,0.008001206,0.006917759,0.005979172,0.00564827,0.005200492,0.005777321,0.007150383,0.008463354,0.008498081,0.007333529,0.007281035,0.008264806,0.00959208,0.012908725,0.015339452,0.014281385,0.011731495,0.009304662,0.007136241,0.005610206,0.005085,0.005312287,0.005838147,0.006540218,0.007716983,0.008585435,0.008082775,0.007536472,0.007973439,0.009661613,0.013051259,0.017501799,0.02145734,0.019944099,0.014490578,0.013396865,0.014908806,0.013669135,0.010960037,0.009532709,0.009310933,0.009699185,0.010804747,0.013648588,0.015003627,0.015675332,0.01598574,0.000454863,0.000454819,0.000511302,0.000594873,0.000650136,0.000696373,0.000777994,0.000899152,0.000990479,0.001054314,0.0011226,0.001293681,0.001585287,0.001869603,0.002091902,0.002369067
34.25,0.008512717,0.008726604,0.00748954,0.005811761,0.005265867,0.005128135,0.004661349,0.005303645,0.006901784,0.008621143,0.009480044,0.008598891,0.007614275,0.008133072,0.00024423,0.000356718,0.000412658,0.000338964,0.010459058,0.007785169,0.006181472,0.004871845,0.0040926,0.004435693,0.005472675,0.006597398,0.007902957,0.008500776,0.008136309,0.007950156,0.009158774,0.011852859,0.015286411,0.018388059,0.020893096,0.019942166,0.016824119,0.015690514,0.015444264,0.013326801,0.010597461,0.009157336,0.009122521,0.0102386,0.012200266,0.015945986,0.016697501,0.016869741,0.017143621,0.000524372,0.000528859,0.000580988,0.00070331,0.00083046,0.001040076,0.001511229,0.001987732,0.002074711,0.001975252,0.001926516,0.001959328,0.002069541,0.002265712,0.002612908,0.003292071
34.2,0.008054151,0.007927627,0.006254529,0.005017393,0.005122518,0.004937619,0.004955229,0.006365705,0.008379464,0.009558279,0.009974775,0.009468299,0.000153466,0.000117077,0.000159563,0.000234516,0.000190237,0.000149954,0.007310531,0.006381168,0.006132537,0.005636474,0.004781143,0.004716918,0.005461859,0.006713727,0.008229667,0.009325676,0.009394531,0.009377462,0.010914235,0.014132177,0.016991868,0.01845986,0.019951104,0.022024741,0.021632545,0.018393141,0.015075285,0.01262619,0.011163213,0.010567095,0.010726426,0.011531169,0.013946488,0.017739198,0.000482219,0.000549073,0.020444555,0.023065991,0.025790927,0.00092475,0.001053479,0.001301313,0.001851064,0.003072351,0.004664897,0.005580128,0.005246261,0.004461734,0.003934231,0.003828121,0.004113505,0.004941393,0.006463449
34.15,0.006948004,0.006662262,0.005615286,0.004766974,0.005103725,0.005742522,0.006794854,0.008323169,0.009853417,0.010850632,0.010641791,0.000234866,0.000160968,0.000126178,0.00014809,0.00014227,9.5065E-05,0.000123513,0.006644099,0.006847016,0.006957779,0.006566736,0.00581206,0.005383804,0.005814173,0.00710353,0.008981884,0.010409241,0.010653586,0.011019899,0.012862951,0.015942721,0.018093611,0.018842456,0.019572448,0.021241023,0.020914594,0.017065009,0.014396381,0.013778568,0.013591539,0.013562492,0.013735344,0.014293806,0.017550795,0.000549709,0.000534374,0.000633189,0.027495455,0.032508179,0.037327815,0.043325792,0.002193012,0.002615071,0.003550716,0.005025081,0.007421631,0.009987471,0.010932617,0.010179167,0.009316914,0.009597881,0.011261147,0.014169937,0.018019892
34.1,0.005587424,0.005284283,0.005334894,0.005462094,0.006103195,0.007139649,0.000131779,0.000128139,0.000228065,0.01178043,0.011888124,0.01058027,0.000201984,0.000154153,0.000149595,0.000100817,0.00011029,0.000160988,0.007755819,0.008433226,0.000189224,0.007242681,0.006456225,0.005985704,0.006454741,0.007970629,0.010029677,0.011514544,0.012175964,0.013333608,0.015148803,0.016862089,0.018321201,0.01912845,0.019916,0.020852072,0.019480637,0.016335617,0.015888343,0.017253167,0.018068451,0.000537611,0.000529817,0.00056759,0.000658764,0.000686304,0.000828021,0.001039132,0.001524238,0.04560039,0.05410277,0.06670167,0.083714502,0.006791823,0.007870228,0.009017627,0.010808706,0.013535797,0.016455835,0.018739919,0.020990451,0.02526001,0.031814164,0.03955656,0.046799921
34.05,0.004416389,0.004653443,0.005112596,0.005380682,0.000120744,0.000100515,9.85382E-05,0.00016292,0.010469538,0.012558302,0.012951991,0.000279385,0.000146408,0.000149399,0.000164776,0.000150545,0.000152488,0.000179606,0.000215505,0.000222583,0.000218677,0.0081741,0.007512404,0.00696268,0.007363351,0.009190596,0.011507671,0.013232578,0.014242111,0.015379974,0.016675243,0.017542818,0.018338181,0.019478863,0.019806281,0.019598172,0.018255292,0.000486622,0.000437648,0.000480411,0.000527488,0.000529213,0.000522371,0.000680213,0.001148338,0.001548282,0.001996772,0.002419289,0.056771326,0.067036486,0.081424947,0.102873161,0.130755842,0.018613407,0.020478653,0.020999184,0.021307123,0.022080341,0.023875378,0.027838026,0.035260529,0.047165573,0.060188399,0.070190604,0.078094669
34,0.004043468,0.005079043,0.005071395,9.75746E-05,0.000108768,0.006302966,0.007043458,0.008547474,0.010574992,0.012781957,0.01280395,0.000207511,0.000120037,0.000172321,0.000248389,0.000227893,0.000199912,0.000191465,0.000211142,0.00022488,0.000230284,0.009288433,0.008836038,0.008157997,0.008371274,0.010503743,0.013543069,0.016006383,0.017172414,0.017667315,0.018332814,0.018063893,0.018548519,0.019213454,0.019321951,0.019023854,0.00051916,0.000423888,0.000392076,0.000425267,0.00043454,0.00050234,0.000731664,0.001467033,0.050369592,0.057787931,0.062903159,0.070734931,0.083344043,0.101279979,0.122977587,0.151102849,0.185451783,0.219282654,0.239952348,0.045915655,0.04405469,0.042249041,0.042152976,0.046256687,0.056422799,0.072326559,0.087010888,0.096450725,0.112524002
33.95,0.005032401,0.006147745,0.005667829,0.000119004,0.006369054,0.00696393,0.007543506,0.008565817,0.009616242,0.011478964,0.010585629,0.000163897,0.000140576,0.007936668,0.008462608,0.009125178,0.009896901,0.010413758,0.000255495,0.000235677,0.000221688,0.000238471,0.009677511,0.009446506,0.010080493,0.012415463,0.015645985,0.019108698,0.020768521,0.021168451,0.020414436,0.019491875,0.019604985,0.020402415,0.021882302,0.022907443,0.024163109,0.027462845,0.000959091,0.000669039,0.000564521,0.000782753,0.001820369,0.059866378,0.068316839,0.075791989,0.083914355,0.096726547,0.117783863,0.144737148,0.173772525,0.206601312,0.24270527,0.274569545,0.291414988,0.295878189,0.300303789,0.076935672,0.081920547,0.092507616,0.107308748,0.122978154,0.135941559,0.15245377,0.478678337
33.9,0.005930917,0.006187008,0.000102897,0.005830089,0.006878129,0.00757476,0.008030987,0.008364531,0.008571026,0.009464294,0.009340637,0.008174489,0.008062562,0.007376988,0.007066112,0.007870609,0.00877993,0.00931206,0.000244408,0.000210249,0.000191715,0.000196401,0.009870968,0.010599753,0.012426773,0.01509462,0.018282014,0.0222969,0.024092907,0.024303061,0.023356088,0.02144801,0.020505936,0.022087641,0.025387247,0.029885387,0.034212904,0.039386192,0.043815144,0.047221902,0.001985102,0.003186517,0.073805159,0.084186389,0.091984405,0.101156682,0.113904877,0.132202469,0.159544551,0.192253176,0.227368268,0.26443132,0.30000606,0.326919567,0.338135694,0.340317259,0.348401657,0.36801163,0.398389773,0.430556047,0.453861404,0.193979767,0.203674146,0.262379481,0.665487233
33.85,8.8605E-05,7.08002E-05,0.000107136,0.006828348,0.008307561,0.008931615,0.009060587,0.008774038,0.008717276,0.000189586,0.000202672,0.009805104,0.007704667,0.00592761,0.000112306,9.15176E-05,9.83424E-05,0.000116937,0.000125966,0.000130533,0.000138626,0.000148128,0.000176362,0.000258518,0.014666748,0.018571122,0.02292,0.026108342,0.026956274,0.027254352,0.026344965,0.023879012,0.022577427,0.024413161,0.028650637,0.036415567,0.043629032,0.049156641,0.054291485,0.059477269,0.068908105,0.0858847,0.099313711,0.110819775,0.122985991,0.135964174,0.152023582,0.173112899,0.202323629,0.237647891,0.276182979,0.317539702,0.355678765,0.380853945,0.386574443,0.385506494,0.398775345,0.431595738,0.478226727,0.516014111,0.535398835,0.545756509,0.317359731,0.716928521,0.900342255
33.8,5.78857E-05,0.000120397,0.008322565,0.009397282,0.010452807,0.010622124,0.000169404,0.000120418,0.000102326,7.8125E-05,8.04978E-05,9.29312E-05,6.19485E-05,4.0702E-05,2.95983E-05,2.876E-05,3.4811E-05,4.57726E-05,6.20934E-05,7.90159E-05,0.000100058,0.000122771,0.000157535,0.000228419,0.000351854,0.000552568,0.000844069,0.028538679,0.028694305,0.028297187,0.027429904,0.026495635,0.026376651,0.028763941,0.033501616,0.042017794,0.051873613,0.059985993,0.065874512,0.073786873,0.08693272,0.10253437,0.116158687,0.134335583,0.156886106,0.175929611,0.194241691,0.215165403,0.243361857,0.27643812,0.315414638,0.363581015,0.409699946,0.437082018,0.437749622,0.435539748,0.463287693,0.516574692,0.570803913,0.60485972,0.624376367,0.664503881,0.783454064,0.961857283,0.880778452
33.75,0.000217576,0.009804134,0.010928057,0.011065704,0.000274238,0.000120352,9.29139E-05,7.18267E-05,3.60173E-05,2.14972E-05,2.59397E-05,3.13007E-05,2.33557E-05,2.42159E-05,3.2088E-05,4.07112E-05,4.45758E-05,5.06164E-05,7.06422E-05,9.54126E-05,0.000115592,0.000148881,0.000227674,0.000376238,0.000590078,0.000818811,0.001043638,0.031026351,0.030731052,0.028722221,0.027550566,0.027979655,0.029929196,0.033066956,0.039971858,0.050638669,0.062186102,0.070361087,0.074046625,0.079531321,0.091059586,0.109516543,0.132002512,0.164068684,0.198478233,0.225770767,0.246967991,0.268524301,0.290543093,0.315313756,0.351337311,0.407201565,0.459865207,0.482196569,0.480973415,0.497649372,0.552701343,0.619574286,0.664816241,0.694901929,0.748542432,0.872897815,0.96021524,0.820825925,0.715321493
33.7,0.012529465,0.012315462,0.011723053,0.000251581,9.42185E-05,5.62386E-05,5.25528E-05,3.69463E-05,1.71005E-05,1.43085E-05,1.82191E-05,2.06235E-05,2.39374E-05,4.36031E-05,8.51259E-05,0.000117946,0.000152782,0.000191663,0.000261776,0.000334182,0.000376948,0.000430885,0.000551618,0.000741956,0.000967993,0.001229202,0.034061077,0.033812527,0.032667667,0.030266044,0.02908307,0.030102298,0.033281254,0.03883346,0.046445711,0.056393682,0.068098859,0.074258881,0.075212578,0.079374093,0.092851214,0.119170422,0.160606299,0.208823971,0.254452689,0.289984388,0.31747589,0.335370439,0.346073064,0.361145043,0.39770759,0.454305737,0.49791546,0.513865078,0.525426297,0.569391627,0.644764424,0.708376198,0.751512809,0.818442038,0.956263423,0.877141286,0.754913014,0.666893475,0.581927071
33.65,0.015115842,0.012496768,0.000210838,6.70413E-05,3.6921E-05,3.49077E-05,3.58021E-05,3.18878E-05,3.33104E-05,3.53713E-05,3.6834E-05,3.52757E-05,4.47227E-05,8.59041E-05,0.000157701,0.000205263,0.000339192,0.017996545,0.02146017,0.025530761,0.029197419,0.031526582,0.001271972,0.001173331,0.001105492,0.001183737,0.033198337,0.032598746,0.031506188,0.030151398,0.030235195,0.032487656,0.036918793,0.001827389,0.002287268,0.002906552,0.004143475,0.074670333,0.077125906,0.086327719,0.108024049,0.147919952,0.200607289,0.259359078,0.309342865,0.345582983,0.371594358,0.381162127,0.381910138,0.395725907,0.443557376,0.497352386,0.534715836,0.554664993,0.584457178,0.644694918,0.717764984,0.782018926,0.86717492,0.979753993,0.807065109,0.686153825,0.612095226,0.541242996,0.462499263
33.6,0.013460129,0.000187939,5.22361E-05,2.32572E-05,2.41448E-05,3.4651E-05,3.99093E-05,5.39489E-05,9.73668E-05,0.000101053,6.30095E-05,5.49739E-05,6.93987E-05,9.03238E-05,0.00011339,0.000178517,0.000298682,0.000512125,0.00084735,0.030351025,0.034073048,0.036016641,0.035613478,0.033647336,0.001130687,0.001041668,0.001053932,0.029876718,0.029825038,0.029368127,0.001036156,0.001026709,0.001097143,0.001291797,0.00177239,0.002149276,0.003101393,0.004287453,0.083358462,0.10391968,0.138198795,0.18566098,0.242922824,0.299940886,0.340967168,0.368827665,0.391756654,0.400122658,0.400434066,0.434172885,0.49365103,0.5510996,0.583719892,0.606033043,0.646469331,0.706779078,0.779438195,0.883552848,0.943644935,0.756183428,0.630308615,0.558866683,0.500624667,0.431686935,0.363859983
33.55,0.000244405,5.13843E-05,1.70756E-05,1.89746E-05,4.2292E-05,8.42327E-05,0.000107543,0.000154884,0.008012026,0.000133266,3.602E-05,3.01361E-05,3.90054E-05,3.87699E-05,5.28882E-05,0.000107132,0.000184984,0.00029932,0.000515851,0.000875268,0.032514989,0.034761858,0.034966113,0.034060782,0.032421099,0.00108312,0.00099492,0.000927333,0.000844227,0.000750302,0.000747655,0.000819965,0.000968214,0.001174243,0.001444781,0.001682272,0.002259991,0.003279945,0.004968936,0.00976115,0.02284715,0.235653109,0.291505702,0.33284689,0.362225797,0.389696999,0.413385652,0.422724049,0.443328563,0.497302874,0.569665619,0.619693487,0.642101655,0.415079911,0.461472783,0.555057845,0.746936787,0.949269976,0.735986764,0.587411403,0.508889517,0.459127448,0.403691874,0.340355363,0.288771475
33.5,0.000178053,3.37081E-05,1.57579E-05,3.88186E-05,0.000127428,0.007446563,0.006782327,0.007168101,0.007490672,5.18037E-05,1.03322E-05,1.04904E-05,1.64704E-05,2.27516E-05,3.2472E-05,5.17511E-05,8.65898E-05,0.000141232,0.00024166,0.000441319,0.000759038,0.001133909,0.033449177,0.033379181,0.032290595,0.031374321,0.001095921,0.000944539,0.00083003,0.000770301,0.000790553,0.000871658,0.001015636,0.001249094,0.001477283,0.001690989,0.001990971,0.002636907,0.004190312,0.009564394,0.026588501,0.275148207,0.326708492,0.359068292,0.391647983,0.42508384,0.450768458,0.476149469,0.246055496,0.322200269,0.658204592,0.695178866,0.49143417,0.486822388,0.513864541,0.658354172,0.985213613,0.760139638,0.579289216,0.476795128,0.421071601,0.374103829,0.321471744,0.27041708,0.234741979
33.45,0.008965708,5.89956E-05,3.56496E-05,7.44541E-05,0.000127704,9.62925E-05,6.70811E-05,0.000109577,8.68684E-05,1.54168E-05,5.7918E-06,8.46602E-06,1.8058E-05,3.12929E-05,4.57736E-05,7.41098E-05,0.000113439,0.000158773,0.000223967,0.000331345,0.000495415,0.000706497,0.000913819,0.001058429,0.001149893,0.001198166,0.001277325,0.00125345,0.001217339,0.00116227,0.001082825,0.001178322,0.001308763,0.001481332,0.001549146,0.001513021,0.001514922,0.001831083,0.003087851,0.007941293,0.024488328,0.059933993,0.339949398,0.392086554,0.4396642,0.477495015,0.513052065,0.562612479,0.367415367,0.470757908,0.748333414,0.779083212,0.605629277,0.585970491,0.649217338,0.930692321,0.647503638,0.616294939,0.482158452,0.40886341,0.360862637,0.311940294,0.262025202,0.223267184,0.201319466
33.4,0.008863457,0.00013783,8.47933E-05,7.09729E-05,6.57993E-05,3.03579E-05,1.88942E-05,3.44751E-05,3.3684E-05,1.53822E-05,1.32112E-05,2.36431E-05,6.03922E-05,0.000129054,0.000246138,0.000393028,0.000440144,0.000416072,0.000396595,0.000387754,0.000392555,0.000431347,0.000541863,0.000723276,0.000965402,0.001234069,0.001729437,0.002112763,0.002078149,0.001917763,0.001878336,0.001897664,0.001866487,0.001666226,0.001430014,0.001186652,0.00110951,0.001430963,0.002755671,0.008134351,0.028209272,0.303901298,0.380894525,0.44739807,0.499657442,0.547880689,0.607454246,0.439864602,0.541900528,0.801987675,0.850896344,0.871962125,0.743177511,0.766663657,0.956576392,0.702313237,0.405968983,0.250697771,0.427114902,0.36588817,0.314985278,0.263408459,0.220095606,0.194745464,0.189758758
33.35,0.007418073,0.000116963,6.30996E-05,5.78694E-05,4.01628E-05,1.86506E-05,1.53977E-05,2.74243E-05,3.96571E-05,3.97058E-05,4.88543E-05,8.34814E-05,0.000206038,0.000434001,0.000798733,0.000933103,0.000710276,0.000547265,0.000434349,0.000335479,0.000272589,0.000273635,0.000359621,0.00054618,0.000878189,0.001497333,0.002492175,0.003176135,0.003172299,0.003137146,0.00324294,0.002908548,0.002265519,0.001704169,0.001311106,0.001142881,0.001269046,0.00180404,0.003672741,0.012273149,0.045001912,0.355716041,0.437597404,0.510419169,0.578514402,0.648122728,0.717290939,0.783860675,0.851669481,0.917900297,0.962331204,0.9359146,0.932701233,0.947942459,0.696487234,0.437980616,0.27605519,0.474939771,0.401190441,0.337021651,0.27663269,0.223045505,0.19176937,0.182858979,0.189068499
33.3,8.32317E-05,6.67832E-05,5.49597E-05,5.4877E-05,4.43609E-05,3.67377E-05,4.31841E-05,5.72666E-05,7.57383E-05,9.40778E-05,0.000137931,0.000246717,0.00054318,0.000995735,0.032991628,0.00089801,0.000534737,0.000428823,0.000336265,0.000253977,0.000211441,0.000216107,0.000285366,0.000472376,0.000889451,0.001776183,0.002950606,0.00376936,0.003965677,0.004255531,0.004447619,0.003682509,0.002562513,0.001798462,0.001480877,0.001611614,0.002149191,0.0030347,0.006064583,0.021154061,0.070483841,0.409592897,0.50068799,0.591736764,0.679210825,0.752437716,0.811804692,0.879973889,0.960973172,0.966973739,0.934267812,0.872739712,0.836436728,0.674182771,0.455576603,0.292431592,0.214634683,0.446384888,0.378220891,0.305598953,0.236907537,0.193836763,0.178285214,0.18091014,0.191986397
33.25,3.48559E-05,4.26818E-05,4.27683E-05,5.08489E-05,6.10834E-05,7.63873E-05,9.16129E-05,0.000100641,0.000123224,0.000166958,0.00026494,0.000524378,0.001012519,0.034562151,0.033742294,0.000641214,0.00036465,0.000350378,0.000318698,0.000263734,0.00022237,0.000214581,0.000282525,0.000478393,0.000955261,0.001813634,0.002985426,0.004225745,0.00504398,0.005423389,0.005355198,0.004211275,0.002870519,0.002212421,0.002141824,0.002514982,0.003140774,0.004182149,0.009264075,0.033909089,0.103799027,0.465910438,0.571101856,0.678933213,0.771245691,0.835723601,0.890146956,0.970396693,0.937101812,0.867364409,0.840677918,0.689790456,0.621838976,0.467937714,0.313981341,0.223312853,0.190361611,0.416272219,0.345436428,0.265096733,0.201322285,0.176701694,0.175913432,0.183014847,0.188559793
33.2,1.91938E-05,2.62344E-05,3.63422E-05,4.98348E-05,7.10219E-05,0.000101885,0.000118651,0.000129948,0.00016085,0.000220364,0.000384521,0.000771643,0.001207849,0.032548998,0.001005546,0.000407988,0.000278229,0.000366717,0.000356955,0.000305889,0.000255311,0.000257944,0.000363678,0.00064621,0.001289865,0.002289541,0.003729958,0.005203711,0.006066545,0.006175572,0.00562471,0.004288952,0.003173213,0.002827004,0.002969733,0.003315751,0.00398646,0.00652624,0.018943523,0.065782186,0.427546056,0.533993575,0.642923591,0.748391027,0.835377256,0.895174418,0.960202723,0.942920979,0.844833814,0.782470185,0.760668395,0.533722191,0.454253939,0.336424668,0.242600249,0.1956044,0.429209751,0.373990743,0.297004449,0.214323461,0.173129784,0.169159877,0.175939548,0.178301979,0.17777414
33.15,1.46851E-05,1.91286E-05,2.96503E-05,4.72094E-05,7.98191E-05,0.000126387,0.000140644,0.000150382,0.000172748,0.000252949,0.00048908,0.000907185,0.029799307,0.001098512,0.000599694,0.000306061,0.000287579,0.000408044,0.000407876,0.000359317,0.000334271,0.000398615,0.000651027,0.0012839,0.002412918,0.003956847,0.005140707,0.006095374,0.006494489,0.006139379,0.005468422,0.004627797,0.004145641,0.004201627,0.004723465,0.005477973,0.007339205,0.016098695,0.052883873,0.139201446,0.510722285,0.614982629,0.71028102,0.798341715,0.875974854,0.941618147,0.975617815,0.864623686,0.765091751,0.710580743,0.463309101,0.404511129,0.336080117,0.264902787,0.211619087,0.441156512,0.386687559,0.317459732,0.230908466,0.169074085,0.156461469,0.164103953,0.168034524,0.165449171,0.165555087
33.1,1.33394E-05,1.97316E-05,3.27614E-05,5.56697E-05,0.000100944,0.000156905,0.000163403,0.000155782,0.000191753,0.000318658,0.000531779,0.000729228,0.000735211,0.000669304,0.000438042,0.000316813,0.00038493,0.000522859,0.000558554,0.000531651,0.000544052,0.00080107,0.001481216,0.002884424,0.004604618,0.005594146,0.005875852,0.00653921,0.007084725,0.007001417,0.006616291,0.006679182,0.00791268,0.009995069,0.011498185,0.013250281,0.020189505,0.052714054,0.135480663,0.50293873,0.606510919,0.694756511,0.768870116,0.839627848,0.908981267,0.983892635,0.916310387,0.797844433,0.701401268,0.644563439,0.361766446,0.310017234,0.267572941,0.223276739,0.446210859,0.395154329,0.332284939,0.25025591,0.175979556,0.145805349,0.150124481,0.155389899,0.153254738,0.152287952,0.153569275
33.05,1.73343E-05,2.93357E-05,4.79827E-05,7.8218E-05,0.000130967,0.000180427,0.000176128,0.000166264,0.000247662,0.000381803,0.000451783,0.000449503,0.000406576,0.0004415,0.000435546,0.00042929,0.000564512,0.000722341,0.000850796,0.000924801,0.001113916,0.001876938,0.003591809,0.005983035,0.007259977,0.00724217,0.00753173,0.008933469,0.010686683,0.011419393,0.011649887,0.013623173,0.018933984,0.025052896,0.02794704,0.033133673,0.062859191,0.146017537,0.512097313,0.604607935,0.687963404,0.759097129,0.81910135,0.877364515,0.943607122,0.971469067,0.862400269,0.748891782,0.65180137,0.587522024,0.555037014,0.528852404,0.490612578,0.440870858,0.389128761,0.33393806,0.267094972,0.196230185,0.152477401,0.144120874,0.150106176,0.147245322,0.139107,0.136762893,0.138630865
33,2.44928E-05,5.02877E-05,7.3807E-05,0.000101028,0.000145171,0.000177274,0.000171473,0.000189469,0.000315925,0.000431577,0.000407117,0.000339201,0.000321183,0.0004153,0.00054768,0.000689968,0.000893737,0.001195351,0.001529604,0.001890482,0.002705231,0.004837162,0.008793823,0.011743186,0.012390696,0.012447869,0.013924475,0.017882588,0.021922572,0.024172797,0.02598692,0.031034179,0.03936935,0.04624999,0.052670615,0.081931547,0.172185836,0.542452424,0.62052326,0.686527063,0.749461569,0.806528479,0.854808536,0.909418867,0.982143622,0.921386208,0.811183159,0.700664807,0.603892212,0.540563752,0.51024658,0.481902738,0.439623403,0.3898292,0.332643677,0.273000812,0.214557907,0.170209386,0.153240406,0.153943449,0.154307972,0.146275977,0.13616603,0.131122484,0.131314552
32.95,3.16286E-05,7.55855E-05,9.43347E-05,9.96053E-05,0.000114943,0.00014201,0.000160951,0.000194611,0.00034549,0.000506589,0.000501638,0.000440914,0.000454241,0.000556984,0.000714647,0.001011705,0.001473581,0.002329322,0.003279472,0.004414797,0.007194656,0.013797458,0.020904496,0.024580586,0.027235425,0.029582465,0.033961607,0.042990832,0.051542992,0.055071419,0.055918783,0.26314653,0.265562765,0.287991802,0.099690554,0.211316545,0.593622852,0.665588993,0.711344771,0.75044602,0.793020928,0.836467138,0.880949471,0.943142118,0.968873593,0.863291573,0.753417007,0.651975879,0.566563679,0.514002918,0.482834108,0.449223412,0.40782084,0.356171352,0.293829725,0.235360577,0.190399658,0.169287952,0.167081129,0.167433916,0.162798784,0.150627393,0.138904136,0.135535716,0.13847456
32.9,4.36697E-05,9.67822E-05,0.000100763,8.67902E-05,8.27227E-05,0.000111451,0.00015814,0.000224241,0.000378964,0.000584527,0.000666017,0.000702944,0.000851164,0.001039158,0.001167701,0.001488624,0.002490571,0.004400582,0.006720012,0.010592275,0.019460265,0.035157321,0.234137123,0.242708043,0.256104278,0.271993584,0.289051397,0.305618984,0.316649896,0.315661103,0.305102417,0.298721109,0.316653854,0.125125859,0.519583513,0.64759865,0.727308866,0.766938532,0.785911519,0.802075516,0.827508657,0.865697888,0.919436111,0.995386308,0.906448719,0.799839553,0.701550912,0.619043499,0.558084091,0.511366721,0.473111681,0.438093959,0.395588583,0.339843433,0.276758784,0.222505421,0.192824852,0.186510233,0.187406282,0.183911373,0.171481817,0.153686485,0.14405859,0.146483048,0.157187601
32.85,6.77191E-05,0.000116182,0.000128075,0.000112283,0.000109771,0.000139063,0.000208274,0.000312004,0.000448663,0.000676075,0.00091811,0.001197695,0.001690604,0.002018146,0.002117779,0.002720643,0.00458375,0.007929708,0.013018575,0.024658508,0.234013634,0.261287359,0.278575022,0.289671214,0.307815638,0.323067852,0.328337092,0.333287605,0.337263288,0.337605041,0.337797144,0.356436368,0.429649441,0.56284727,0.697949043,0.781184417,0.818788844,0.833278407,0.839072263,0.847423733,0.869630227,0.915626226,0.978462811,0.93956831,0.84248339,0.747320217,0.672967706,0.61743421,0.568603807,0.517722141,0.473910684,0.435617877,0.390831552,0.334646093,0.275175084,0.233902965,0.218173103,0.215033771,0.211383853,0.198580366,0.178730995,0.162505999,0.159070568,0.16870487,0.188192641
32.8,0.000110615,0.000154658,0.000162838,0.000150542,0.000151534,0.00019041,0.000274269,0.000391332,0.000533064,0.000747109,0.001117354,0.001464552,0.001707036,0.002155409,0.0030833,0.005335397,0.010560162,0.018202717,0.028850507,0.236353774,0.266905656,0.2905138,0.310059521,0.324238242,0.331259558,0.331171832,0.32786962,0.329204833,0.337276037,0.351413508,0.388275566,0.473130519,0.611148015,0.745501973,0.823347823,0.849923548,0.860738852,0.868803728,0.876830831,0.891974899,0.922408241,0.97485236,0.958889392,0.877722078,0.787642157,0.713860039,0.662578657,0.619121886,0.570262827,0.517176216,0.469996692,0.427444791,0.384231883,0.334069044,0.289161477,0.261006205,0.249403853,0.24147556,0.229480937,0.211093503,0.193659233,0.180623527,0.182246267,0.199376527,0.22775348
32.75,0.000154396,0.000187799,0.000175014,0.000144742,0.000134371,0.000177662,0.000271726,0.000394658,0.000512581,0.000679155,0.000934273,0.001145377,0.001465184,0.002335089,0.004962342,0.012479581,0.026703128,0.215638135,0.236337367,0.262494776,0.288239011,0.310744459,0.326517791,0.331660351,0.327819992,0.322536803,0.323122743,0.333896748,0.356156857,0.399930177,0.499011128,0.654907463,0.792151582,0.85986184,0.876642235,0.874738883,0.879792938,0.896825968,0.912073123,0.933492564,0.971236304,0.974593237,0.904451816,0.823020125,0.740250066,0.680663613,0.63862151,0.599149071,0.550576115,0.498005832,0.450394168,0.409046424,0.371316344,0.337524412,0.307876939,0.283439566,0.267007385,0.254744469,0.243345974,0.229562099,0.212610746,0.202011109,0.209799625,0.233300427,0.266265994
32.7,0.000179138,0.000167426,0.000131476,0.000100875,9.77806E-05,0.000141449,0.000220538,0.000305436,0.000376146,0.000506392,0.000753749,0.001060703,0.001728988,0.004172785,0.011341155,0.183328737,0.219305561,0.237566593,0.25895447,0.287642803,0.314440088,0.333203843,0.339887023,0.332143234,0.321818819,0.32315514,0.341420723,0.377960372,0.434302879,0.529731356,0.685440362,0.828486571,0.890196623,0.901594187,0.896590898,0.89028327,0.903072992,0.924948751,0.93685361,0.962185692,0.987275673,0.920085637,0.84157167,0.764984846,0.694862212,0.643083785,0.599049707,0.557398638,0.509753166,0.460182739,0.418032179,0.386518124,0.362860316,0.343898594,0.321375114,0.294833997,0.272198158,0.261083529,0.256985199,0.24764869,0.229454966,0.223727965,0.237021305,0.265605529,0.294293463
32.65,0.000138492,0.000110358,8.63906E-05,7.12376E-05,9.01272E-05,0.000145964,0.000202895,0.000258652,0.000351973,0.000542342,0.00084362,0.001444881,0.00345314,0.010305773,0.168901717,0.20325766,0.235323896,0.262933133,0.288855286,0.318344085,0.339895913,0.351440056,0.353826846,0.344218704,0.341019147,0.360938321,0.408842921,0.484824643,0.593460081,0.730163983,0.855578645,0.909235234,0.918810058,0.917663631,0.914624721,0.914542378,0.930789811,0.940414811,0.951533623,0.990294936,0.938570169,0.854225096,0.770132044,0.698751134,0.645556908,0.606887812,0.558395218,0.509702953,0.461452685,0.416315067,0.382746433,0.362891984,0.358857717,0.349801853,0.325306964,0.292644301,0.2696889,0.265202695,0.264832836,0.254900585,0.244865784,0.246500742,0.263685387,0.294122828,0.31733611
32.6,0.000101421,8.58113E-05,7.4909E-05,6.97423E-05,0.000101255,0.000189078,0.000260891,0.000348587,0.000547268,0.000880019,0.001337332,0.002919529,0.009228287,0.170909404,0.202691933,0.232493864,0.266041267,0.299844275,0.329848451,0.346269707,0.357889828,0.368947118,0.376619732,0.377372764,0.394257296,0.445338433,0.536003771,0.661202029,0.798331715,0.894018562,0.926120796,0.938247533,0.941035266,0.941099998,0.938565766,0.938058915,0.944135637,0.955333328,0.982328041,0.958453206,0.87402604,0.781516141,0.701193224,0.642724701,0.600444809,0.5602631,0.514090346,0.465788256,0.420025111,0.380370516,0.348981286,0.343371392,0.352022965,0.344357643,0.317469267,0.285224849,0.267490247,0.268560507,0.271427632,0.268367137,0.264855402,0.27065868,0.287557769,0.320086639,0.347145939
32.55,0.000102994,9.99783E-05,0.000102556,0.000115078,0.000174623,0.000305285,0.000452477,0.000691088,0.001170541,0.001774793,0.002869946,0.007968604,0.02182926,0.217113348,0.252343138,0.288108658,0.318140194,0.341378716,0.356458295,0.366174899,0.376471868,0.39352269,0.411551517,0.438292351,0.49318503,0.588745557,0.723363254,0.858924026,0.93174506,0.957628278,0.971578928,0.976854766,0.975244072,0.970422685,0.964297393,0.963687744,0.969763797,0.988469759,0.966892154,0.893854713,0.803222967,0.710987581,0.643610803,0.600035729,0.563586443,0.523790351,0.479009279,0.433558951,0.390034455,0.349282812,0.327820697,0.332218724,0.339931779,0.32992733,0.306828654,0.285943911,0.275122391,0.279434593,0.285938752,0.285377305,0.282268765,0.289398472,0.311747324,0.35124205,0.390398204
32.5,0.000145209,0.00017669,0.000225873,0.000270508,0.000376616,0.000540214,0.001054698,0.001867036,0.003038074,0.004417971,0.008385437,0.020796278,0.23390549,0.275930558,0.312173849,0.340445756,0.356119359,0.368347934,0.378345685,0.385896885,0.401183866,0.429810453,0.477995257,0.557416677,0.669427276,0.801216148,0.912447225,0.955124776,0.976413531,0.998171739,0.981722137,0.975253488,0.985130002,0.997796068,0.998660483,0.992226219,0.97513591,0.949344854,0.898226589,0.815945155,0.725744189,0.647239547,0.598884078,0.572775362,0.542949939,0.499995625,0.455193001,0.411484685,0.367073789,0.337653272,0.326902735,0.329498661,0.329185488,0.316947831,0.302773379,0.293620397,0.290500967,0.297038937,0.299797287,0.295240158,0.292919677,0.306741804,0.341891724,0.397653456,0.435778005
32.45,,,,,,,,,,,,,,,,,,,,,,,,,,,,,,,,,,,,,,,,,,,,,,,,,,,,,,,,,,,,,,,,,
,,,,,,,,,,,,,,,,,,,,,,,,,,,,,,,,,,,,,,,,,,,,,,,,,,,,,,,,,,,,,,,,,
